item,qty,spec,supplier,unit_cost_usd,make_buy,notes
1 Stand,1,"Galvanized steel angle 30 x 30 x 3 mm, four legs, side rails and braces, tilt 20 degrees, bolted; ground anchors or ballast pads",Local fabricator or hardware shop,35.00,make,Indicative material cost; tilt proposed awaiting Amish
2 Insulated box walls,1,"1,100 x 1,000 x 140 mm frame; 6 mm exterior plywood skins with 25 mm PIR foam core, painted; open top and bottom",Local timber and hardware shop,55.00,make,Indicative price
3 Glazing lid,1,"10 mm UV-stabilized twin-wall polycarbonate, 1.1 m2, aluminium edge frame, hinges on the north edge, EPDM seal",Glazing or greenhouse supplier,50.00,buy,Indicative price; polycarbonate chosen over glass for impact safety (proposed)
4 Sorbent trays,4,"Aluminium pans about 490 x 430 x 25 mm with stainless mesh floors; top painted high-temperature matt black, underside left bare (low emissivity)",Local sheet-metal shop,10.00,make,Indicative price each
5 Composite sorbent,1,"About 4 kg total: 2.7 kg mesoporous silica gel beads (2 to 5 mm) impregnated with 1.3 kg food-grade anhydrous CaCl2 (about 33 wt %)",Chemical or desiccant supplier,28.00,make,Indicative price (silica gel about $8/kg; CaCl2 about $5/kg); salt loading proposed awaiting Amish
6 Condenser plate with fins,1,"2 mm aluminium floor plate about 1.08 x 0.98 m with 21 fins 1 x 100 x 920 mm on the underside, food-safe coating on the wetted face",Local sheet-metal shop,75.00,make,Indicative price; the largest single cost
7 Condensate gutter and drain tube,1,"Formed aluminium or stainless gutter along the low edge; 1 m food-grade silicone tube, 12 mm bore",Sheet-metal shop and plumbing supplier,12.00,buy,Indicative price
8 Collection bottle,1,"10 L food-grade HDPE jerrycan with screw cap and tube grommet",Local market,12.00,buy,Indicative price
9 Vent flap (south inlet),1,"Hinged aluminium flap 800 x 70 mm with EPDM seal and two over-centre latches",Local sheet-metal shop,15.00,make,Indicative price
10 Night fan and outlet flap,1,"12 V 120 mm fan, about 2 W, IP55, in a hooded housing on the north wall; 560 x 70 mm outlet flap with seal",Electronics distributor and sheet-metal shop,18.00,buy,Indicative price
11 PV panel and pole,1,"10 W 12 V monocrystalline panel, about 340 x 250 mm, on a steel pole above the north-east leg",Solar or electronics distributor,25.00,buy,Indicative price
12 Electronics box,1,"IP65 box with 12 V PWM solar charge controller, 12.8 V 6 Ah LiFePO4 battery with built-in BMS and fuse, ESP32 logger with RTC and microSD, MOSFET fan switch",Electronics distributor,65.00,buy,Indicative price; firmware beyond a sketch is TRL 4 work
13 Sensors,1,"Air temperature and RH sensor (SHT4x class) in a radiation shield; two waterproof DS18B20 probes for bed and condenser temperature",Electronics distributor,20.00,buy,Indicative price; probes too small to model
14 Hardware and consumables,1,"Stainless fasteners, food-grade silicone sealant, EPDM gasket, cable glands, cable ties",Local hardware shop,25.00,buy,Indicative price; no exploded-view callout
